Year of award,Name,Film,Oscar category,Birth place,Birth date,Race/Ethnicity,Religion,Sexual orientation,Bio URL,_unit_state
2014,Lupita Nyong'o,12 Years a Slave,Best Supporting Actress,"Mexico City, Mexico",1-Mar-83,Black,Na,Na,http://www.nndb.com/people/570/000380427/,finalized
1929,Janet Gaynor,7th Heaven,Best Actress,"Philadelphia, Pa",6-Oct-06,White,Na,Straight,http://www.nndb.com/people/129/000043000/,finalized
2002,Jennifer Connelly,A Beautiful Mind,Best Supporting Actress,"Catskill Mountains, Ny",12-Dec-70,White,Jewish,Straight,http://www.nndb.com/people/240/000026162/,finalized
1948,Ronald Colman,A Double Life,Best Actor,"Richmond, Surrey, England",9-Feb-1891,White,Na,Straight,http://www.nndb.com/people/619/000042493/,finalized
1989,Kevin Kline,A Fish Called Wanda,Best Supporting Actor,"St. Louis, Mo",24-Oct-47,White,Roman Catholic,Straight,http://www.nndb.com/people/819/000024747/,finalized
1931,Lionel Barrymore,A Free Soul,Best Actor,"Philadelphia, Pa",28-Apr-1878,White,Roman Catholic,Straight,http://www.nndb.com/people/741/000043612/,finalized
1950,Joseph L. Mankiewicz,A Letter to Three Wives,Best Director,"Wilkes-Barre, Pa",11-Feb-09,White,Jewish,Straight,http://www.nndb.com/people/723/000032627/,finalized
1967,Paul Scofield,A Man For All Seasons,Best Actor,"Hurstpierpoint, West Sussex, England",21-Jan-22,White,Na,Straight,http://www.nndb.com/people/950/000033851/,finalized
1985,Peggy Ashcroft,A Passage to India,Best Supporting Actress,"Croydon, Surrey, England",22-Dec-07,White,Agnostic,Straight,http://www.nndb.com/people/816/000063627/,finalized
1966,Shelley Winters,A Patch of Blue,Best Supporting Actress,"St. Louis, Mo",18-Aug-20,White,Jewish,Straight,http://www.nndb.com/people/859/000022793/,finalized
1952,George Stevens,A Place in the Sun,Best Director,"Oakland, Ca",18-Dec-04,White,Na,Straight,http://www.nndb.com/people/382/000044250/,finalized
1952,Karl Malden,A Streetcar Named Desire,Best Supporting Actor,"Chicago, Il",22-Mar-12,White,Na,Straight,http://www.nndb.com/people/553/000022487/,finalized
1966,Martin Balsam,A Thousand Clowns,Best Supporting Actor,"Bronx, Ny",4-Nov-19,White,Na,Straight,http://www.nndb.com/people/111/000063919/,finalized
1974,Glenda Jackson,A Touch of Class,Best Actress,"Birkenhead, Cheshire, England",9-May-36,White,Na,Straight,http://www.nndb.com/people/799/000063610/,finalized
1946,James Dunn,A Tree Grows in Brooklyn,Best Supporting Actor,New York City,2-Nov-01,White,Na,Straight,http://www.nndb.com/people/125/000063933/,finalized
2003,Chris Cooper,Adaptation,Best Supporting Actor,"Kansas City, Mo",9-Jul-51,White,Na,Straight,http://www.nndb.com/people/130/000025055/,finalized
1999,James Coburn,Affliction,Best Supporting Actor,"Laurel, Ne",31-Aug-28,White,Na,Straight,http://www.nndb.com/people/764/000022698/,finalized
1971,Helen Hayes,Airport,Best Supporting Actress,"Washington, Dc",10-Oct-00,White,Na,Straight,http://www.nndb.com/people/908/000031815/,finalized
1975,Ellen Burstyn,Alice Doesn't Live Here Anymore,Best Actress,"Detroit, Mi",7-Dec-32,White,Sufism,Straight,http://www.nndb.com/people/650/000023581/,finalized
1951,George Sanders,All About Eve,Best Supporting Actor,"St. Petersburg, Russia",3-Jul-06,White,Na,Straight,http://www.nndb.com/people/728/000043599/,finalized
1931,Lewis Milestone,All Quiet on the Western Front,Best Director,"Chisinau, Moldova",30-Sep-1895,White,Na,Straight,http://www.nndb.com/people/320/000043191/,finalized
1950,Broderick Crawford,All The King's Men,Best Actor,"Philadelphia, Pa",9-Dec-11,White,Na,Straight,http://www.nndb.com/people/744/000063555/,finalized
1977,Jason Robards,All the President's Men,Best Supporting Actor,"Chicago, Il",26-Jul-22,White,Na,Straight,http://www.nndb.com/people/224/000032128/,finalized
1985,F. Murray Abraham,Amadeus,Best Actor,"Pittsburgh, Pa",24-Oct-39,Middle Eastern,Na,Straight,http://www.nndb.com/people/123/000024051/,finalized
2000,Kevin Spacey,American Beauty,Best Actor,"South Orange, Nj",26-Jul-59,White,Na,Matter of Dispute,http://www.nndb.com/people/591/000023522/,finalized
1983,"Lou Gossett, Jr.",An Officer and a Gentleman,Best Supporting Actor,"Brooklyn, Ny",27-May-36,Black,Na,Straight,http://www.nndb.com/people/906/000023837/,finalized
1957,Ingrid Bergman,Anastasia,Best Actress,"Stockholm, Sweden",29-Aug-15,White,Na,Straight,http://www.nndb.com/people/836/000024764/,finalized
1978,Diane Keaton,Annie Hall,Best Actress,"Los Angeles, Ca",5-Jan-46,White,Atheist,Straight,http://www.nndb.com/people/879/000022813/,finalized
1937,Gale Sondergaard,Anthony Adverse,Best Supporting Actress,"Litchfield, Mn",15-Feb-1899,White,Na,Straight,http://www.nndb.com/people/062/000063870/,finalized
1982,John Gielgud,Arthur,Best Supporting Actor,"London, England",14-Apr-04,White,Na,Gay,http://www.nndb.com/people/589/000033490/,finalized
1997,Jack Nicholson,As Good as It Gets,Best Actor,New York City,22-Apr-37,White,Atheist,Straight,http://www.nndb.com/people/722/000022656/,finalized
1933,Frank Borzage,Bad Girl,Best Director,"Salt Lake City, Ut",23-Apr-1894,White,Roman Catholic,Straight,http://www.nndb.com/people/292/000044160/,finalized
2012,Christopher Plummer,Beginning,Best Supporting Actor,"Toronto, Ontario, Canada",13-Dec-29,White,Na,Straight,http://www.nndb.com/people/316/000023247/,finalized
1980,Melvyn Douglas,Being There,Best Supporting Actor,"Macon, Ga",5-Apr-01,White,Jewish,Straight,http://www.nndb.com/people/100/000063908/,finalized
1960,Charlton Heston,Ben-hur,Best Actor,"Evanston, Il",4-Oct-23,White,Protestant,Straight,http://www.nndb.com/people/961/000022895/,finalized
2011,Natalie Portman,Black Swan,Best Actress,"Jerusalem, Israel",9-Jun-81,White,Jewish,Straight,http://www.nndb.com/people/040/000022971/,finalized
2014,Cate Blanchett,Blue Jasmine,Best Actress,"Melbourne, Victoria, Australia",14-May-69,White,Na,Straight,http://www.nndb.com/people/222/000026144/,finalized
1995,Jessica Lange,Blue Sky,Best Actress,"Cloquet, Mn",20-Apr-49,White,Na,Straight,http://www.nndb.com/people/004/000022935/,finalized
1968,Estelle Parsons,Bonnie and Clyde,Best Supporting Actress,"Marblehead, Ma",20-Nov-27,White,Na,Straight,http://www.nndb.com/people/475/000032379/,finalized
1990,Oliver Stone,Born on the Fourth of July,Best Director,New York City,15-Sep-46,White,Atheist,Straight,http://www.nndb.com/people/545/000022479/,finalized
1951,Judy Holliday,Born Yesterday,Best Actress,New York City,21-Jun-21,White,Na,Straight,http://www.nndb.com/people/808/000063619/,finalized
2000,Hilary Swank,Boys Don't Cry,Best Actress,"Lincoln, Ne",30-Jul-74,White,Na,Straight,http://www.nndb.com/people/333/000026255/,finalized
1939,Spencer Tracy,Boys Town,Best Actor,"Milwaukee, Wi",5-Apr-00,White,Roman Catholic,Straight,http://www.nndb.com/people/979/000024907/,finalized
1996,Mel Gibson,Braveheart,Best Director,"Peekskill, Ny",3-Jan-56,White,Roman Catholic,Straight,http://www.nndb.com/people/583/000022517/,finalized
2006,Ang Lee,Brokeback Mountain,Best Director,"Pingtung, Taiwan",23-Oct-54,Asian,Na,Straight,http://www.nndb.com/people/394/000025319/,finalized
1995,Dianne Wiest,Bullets Over Broadway,Best Supporting Actress,"Kansas City, Mo",28-Mar-48,White,Na,Straight,http://www.nndb.com/people/894/000024822/,finalized
1961,Elizabeth Taylor,Butterfield 8,Best Actress,"London, England",27-Feb-32,White,Jewish,Straight,http://www.nndb.com/people/624/000023555/,finalized
1973,Eileen Heckart,Butterflies Are Free,Best Supporting Actress,"Columbus, Oh",29-Mar-19,White,Na,Straight,http://www.nndb.com/people/828/000063639/,finalized
1973,Liza Minnelli,Cabaret,Best Actress,"Los Angeles, Ca",12-Mar-46,White,Na,Na,http://www.nndb.com/people/724/000024652/,finalized
1970,Goldie Hawn,Cactus Flower,Best Supporting Actress,"Silver Spring, Md",21-Nov-45,White,Buddhist,Straight,http://www.nndb.com/people/996/000022930/,finalized
1979,Maggie Smith,California Suite,Best Supporting Actress,"Ilford, Essex, England",28-Dec-34,White,Na,Straight,http://www.nndb.com/people/260/000030170/,finalized
2006,Philip Seymour Hoffman,Capote,Best Actor,"Fairport, Ny",23-Jul-67,White,Na,Straight,http://www.nndb.com/people/409/000027328/,finalized
1938,Spencer Tracy,Captains Courageous,Best Actor,"Milwaukee, Wi",5-Apr-00,White,Roman Catholic,Straight,http://www.nndb.com/people/979/000024907/,finalized
1944,Michael Curtiz,Casablanca,Best Director,"Budapest, Hungary",24-Dec-1886,White,Na,Straight,http://www.nndb.com/people/676/000032580/,finalized
1966,Lee Marvin,Cat Ballou,Best Actor,New York City,19-Feb-24,White,Na,Straight,http://www.nndb.com/people/314/000026236/,finalized
1934,Frank Lloyd,Cavalcade,Best Director,"Glasgow, Scotland",2-Feb-1886,White,Na,Straight,http://www.nndb.com/people/626/000042500/,finalized
1969,Cliff Robertson,Charly,Best Actor,"La Jolla, Ca",9-Sep-23,White,Na,Straight,http://www.nndb.com/people/134/000023065/,finalized
2003,Catherine Zeta-Jones,Chicago,Best Supporting Actress,"Mumbles, Wales",25-Sep-69,White,Roman Catholic,Straight,http://www.nndb.com/people/516/000023447/,finalized
1987,Marlee Matlin,Children of a Lesser God,Best Actress,"Morton Grove, Il",24-Aug-65,White,Jewish,Straight,http://www.nndb.com/people/870/000023801/,finalized
1992,Jack Palance,City Slickers,Best Supporting Actor,"Lattimer Mines, Pa",18-Feb-19,White,Na,Straight,http://www.nndb.com/people/579/000022513/,finalized
1981,Sissy Spacek,Coal Miner's Daughter,Best Actress,"Quitman, Tx",25-Dec-49,White,Na,Straight,http://www.nndb.com/people/758/000023689/,finalized
1986,Don Ameche,Cocoon,Best Supporting Actor,"Kenosha, Wi",31-May-04,White,Roman Catholic,Straight,http://www.nndb.com/people/736/000024664/,finalized
2004,Renee Zellweger,Cold Mountain,Best Supporting Actress,"Katy, Tx",25-Apr-69,White,Na,Straight,http://www.nndb.com/people/708/000024636/,finalized
1938,Walter Brennan,Come and Get It,Best Supporting Actor,"Swampscott, Ma",25-Jul-1894,White,Na,Straight,http://www.nndb.com/people/347/000032251/,finalized
1953,Shirley Booth,"Come Back, Little Sheba",Best Actress,New York City,30-Aug-1898,White,Na,Straight,http://www.nndb.com/people/807/000063618/,finalized
1979,Jon Voight,Coming Home,Best Actor,"Yonkers, Ny",29-Dec-38,White,Roman Catholic,Straight,http://www.nndb.com/people/060/000023988/,finalized
1968,George Kennedy,Cool Hand Luke,Best Supporting Actor,New York City,18-Feb-25,White,Na,Straight,http://www.nndb.com/people/001/000022932/,finalized
1930,Mary Pickford,Coquette,Best Actress,"Toronto, Ontario, Canada",8-Apr-1892,White,Na,Straight,http://www.nndb.com/people/683/000042557/,finalized
2010,Jeff Bridges,Crazy Heart,Best Actor,"Los Angeles, Ca",4-Dec-49,White,Lutheran,Straight,http://www.nndb.com/people/779/000022713/,finalized
1951,Jose Ferrer,Cyrano de Bergerac,Best Actor,"Santurce, Puerto Rico",8-Jan-09,Hispanic,Na,Straight,http://www.nndb.com/people/311/000026233/,finalized
2014,Matthew McConaughey,Dallas Buyers Club,Best Actor,"Uvalde, Tx",4-Nov-69,White,Na,Straight,http://www.nndb.com/people/583/000023514/,finalized
1991,Kevin Costner,Dances with Wolves,Best Director,"Lynwood, Ca",18-Jan-55,White,Baptist,Straight,http://www.nndb.com/people/758/000022692/,finalized
1936,Bette Davis,Dangerous,Best Actress,"Lowell, Ma",5-Apr-08,White,Na,Straight,http://www.nndb.com/people/457/000026379/,finalized
1966,Julie Christie,Darling,Best Actress,"Chabua, Assam, India",14-Apr-41,White,Na,Straight,http://www.nndb.com/people/801/000063612/,finalized
1996,Susan Sarandon,Dead Man Walking,Best Actress,"Queens, Ny",4-Oct-46,White,Roman Catholic,Straight,http://www.nndb.com/people/762/000024690/,finalized
1930,George Arliss,Desraeli,Best Actor,"London, England",10-Apr-1868,White,Na,Straight,http://www.nndb.com/people/740/000063551/,finalized
2013,Christoph Waltz,Django Unchained,Best Supporting Actor,Na,4-Oct-56,White,Na,Straight,http://www.nndb.com/people/455/000213813/,finalized
2007,Jennifer Hudson,Dreamgirls,Best Supporting Actress,"Chicago, Il",12-Sep-81,Black,Baptist,Straight,http://www.nndb.com/people/434/000129047/,finalized
1990,Jessica Tandy,Driving Miss Daisy,Best Actress,"London, England",7-Jun-09,White,Na,Straight,http://www.nndb.com/people/017/000023945/,finalized
1956,Jo Van Fleet,East of Eden,Best Supporting Actress,"Oakland, Ca",30-Dec-14,White,Na,Straight,http://www.nndb.com/people/089/000063897/,finalized
1995,Martin Landau,Ed Wood,Best Supporting Actor,"Brooklyn, Ny",20-Jun-31,White,Jewish,Straight,http://www.nndb.com/people/431/000023362/,finalized
1961,Burt Lancaster,Elmer Gantry,Best Actor,New York City,2-Nov-13,White,Protestant,Straight,http://www.nndb.com/people/938/000031845/,finalized
2001,Julia Roberts,Erin Brockovich,Best Actress,"Smyrna, Ga",28-Oct-67,White,Hindu,Straight,http://www.nndb.com/people/592/000022526/,finalized
1997,Frances McDormand,Fargo,Best Actress,"Chicago, Il",23-Jun-57,White,Disciples of Christ,Straight,http://www.nndb.com/people/517/000025442/,finalized
1944,Katina Paxinou,For Whom the Bell Tolls,Best Supporting Actress,"Athens, Greece",17-Dec-00,White,Na,Straight,http://www.nndb.com/people/080/000063888/,finalized
1995,Tom Hanks,Forrest Gump,Best Actor,"Concord, Ca",9-Jul-56,White,Born-Again Christian,Straight,http://www.nndb.com/people/687/000022621/,finalized
1954,Frank Sinatra,From Here to Eternity,Best Supporting Actor,"Hoboken, Nj",12-Dec-15,White,Na,Straight,http://www.nndb.com/people/300/000026222/,finalized
1969,Barbra Streisand,Funny Girl,Best Actress,"Brooklyn, Ny",24-Apr-42,White,Jewish,Straight,http://www.nndb.com/people/526/000022460/,finalized
1983,Ben Kingsley,Gandhi,Best Actor,"Scarborough, Yorkshire, England",31-Dec-43,Multiracial,Quaker,Straight,http://www.nndb.com/people/519/000024447/,finalized
1945,Ingrid Bergman,Gaslight,Best Actress,"Stockholm, Sweden",29-Aug-15,White,Na,Straight,http://www.nndb.com/people/836/000024764/,finalized
1948,Celeste Holm,Gentleman's Agreement,Best Supporting Actress,New York City,29-Apr-17,White,Na,Straight,http://www.nndb.com/people/084/000063892/,finalized
1991,Whoopi Goldberg,Ghost,Best Supporting Actress,New York City,13-Nov-55,Black,Atheist,Straight,http://www.nndb.com/people/242/000025167/,finalized
1957,George Stevens,Giant,Best Director,"Oakland, Ca",18-Dec-04,White,Na,Straight,http://www.nndb.com/people/382/000044250/,finalized
1959,Vincente Minnelli,Gigi,Best Director,"Chicago, Il",28-Feb-03,White,Na,Bisexual,http://www.nndb.com/people/825/000032729/,finalized
2000,Angelina Jolie,"Girl, Interrupted",Best Supporting Actress,"Los Angeles, Ca",4-Jun-75,White,Buddhist,Bisexual,http://www.nndb.com/people/493/000023424/,finalized
2001,Russell Crowe,Gladiator,Best Actor,"Wellington, New Zealand",7-Apr-64,White,Na,Straight,http://www.nndb.com/people/782/000022716/,finalized
1990,Denzel Washington,Glory,Best Supporting Actor,"Mount Vernon, Ny",28-Dec-54,Black,Protestant,Straight,http://www.nndb.com/people/665/000023596/,finalized
1945,Bing Crosby,Going My Way,Best Actor,"Tacoma, Wa",3-May-03,White,Roman Catholic,Straight,http://www.nndb.com/people/651/000026573/,finalized
1940,Vivien Leigh,Gone with the Wind,Best Actress,"Darjeeling, India",5-Nov-13,White,Roman Catholic,Straight,http://www.nndb.com/people/470/000022404/,finalized
1991,Joe Pesci,Good Fellas,Best Supporting Actor,"Newark, Nj",9-Feb-43,White,Na,Straight,http://www.nndb.com/people/582/000022516/,finalized
1998,Robin Williams,Good Will Hunting,Best Supporting Actor,"Chicago, Il",21-Jul-51,White,Anglican/episcopalian,Straight,http://www.nndb.com/people/606/000022540/,finalized
1940,Robert Donat,Goodbye Mr. Chips,Best Actor,"Withington, Manchester, England",18-Mar-05,White,Na,Straight,http://www.nndb.com/people/742/000063553/,finalized
1968,Katharine Hepburn,Guess Who's Coming to Dinner,Best Actress,"Hartford, Ct",12-May-07,White,Atheist,Bisexual,http://www.nndb.com/people/775/000023706/,finalized
1949,Laurence Olivier,Hamlet,Best Actor,"Dorking, Surrey, England",22-May-07,White,Na,Bisexual,http://www.nndb.com/people/607/000022541/,finalized
1987,Michael Caine,Hannah and Her Sisters,Best Supporting Actor,"Bermondsey, England",14-Mar-33,White,Na,Straight,http://www.nndb.com/people/754/000022688/,finalized
1975,Art Carney,Harry and Tonto,Best Actor,"Mount Vernon, Ny",4-Nov-18,White,Na,Straight,http://www.nndb.com/people/182/000025107/,finalized
1951,Josephine Hull,Harvey,Best Supporting Actress,"Newtonville, Ma",3-Jan-1886,White,Na,Straight,http://www.nndb.com/people/087/000063895/,finalized
1953,Gary Cooper,High Noon,Best Actor,"Helena, Mt",7-May-01,White,Roman Catholic,Straight,http://www.nndb.com/people/740/000031647/,finalized
1942,Donald Crisp,How Green Was My Valley,Best Supporting Actor,"London, England",27-Jul-1880,White,Na,Straight,http://www.nndb.com/people/689/000031596/,finalized
1993,Emma Thompson,Howards End,Best Actress,"London, England",15-Apr-59,White,Na,Straight,http://www.nndb.com/people/627/000025552/,finalized
1964,Patricia Neal,Hud,Best Actress,"Packard, Ky",20-Jan-26,White,Roman Catholic,Straight,http://www.nndb.com/people/226/000042100/,finalized
1959,Susan Hayward,I Want To Live!,Best Actress,"Brooklyn, Ny",30-Jun-18,White,Roman Catholic,Straight,http://www.nndb.com/people/805/000063616/,finalized
1930,Warner Baxter,In Old Arizona,Best Actor,"Columbus, Oh",29-Mar-1889,White,Na,Straight,http://www.nndb.com/people/739/000063550/,finalized
1938,Alice Brady,In Old Chicago,Best Supporting Actress,New York City,2-Nov-1892,White,Na,Straight,http://www.nndb.com/people/079/000063887/,finalized
1968,Rod Steiger,In the Heat of the Night,Best Actor,"Westhampton, Ny",14-Apr-25,White,Lutheran,Straight,http://www.nndb.com/people/762/000026684/,finalized
2010,Christoph Waltz,Inglourious Basterds,Best Supporting Actor,Na,4-Oct-56,White,Na,Straight,http://www.nndb.com/people/455/000213813/,finalized
2002,Jim Broadbent,Iris,Best Supporting Actor,"Lincoln, Lincolnshire, England",24-May-49,White,Na,Straight,http://www.nndb.com/people/092/000063900/,finalized
1935,Clark Gable,It Happened One Night,Best Actor,"Cadiz, Oh",1-Feb-01,White,Na,Straight,http://www.nndb.com/people/156/000027075/,finalized
1997,"Cuba Gooding, Jr.",Jerry Maguire,Best Supporting Actor,"Bronx, Ny",2-Jan-68,Black,Na,Straight,http://www.nndb.com/people/587/000023518/,finalized
1939,Bette Davis,Jezebel,Best Actress,"Lowell, Ma",5-Apr-08,White,Na,Straight,http://www.nndb.com/people/457/000026379/,finalized
1949,Jane Wyman,Johnny Belinda,Best Actress,"St. Joseph, Mo",5-Jan-17,White,Roman Catholic,Straight,http://www.nndb.com/people/656/000022590/,finalized
1943,Van Heflin,Johnny Eager,Best Supporting Actor,"Walters, Ok",13-Dec-10,White,Na,Straight,http://www.nndb.com/people/680/000042554/,finalized
1962,Maximilian Schell,Judgement at Nuremberg,Best Actor,"Vienna, Austria",8-Dec-30,White,Na,Straight,http://www.nndb.com/people/351/000023282/,finalized
1978,Jason Robards,Julia,Best Supporting Actor,"Chicago, Il",26-Jul-22,White,Na,Straight,http://www.nndb.com/people/224/000032128/,finalized
1939,Walter Brennan,Kentucky,Best Supporting Actor,"Swampscott, Ma",25-Jul-1894,White,Na,Straight,http://www.nndb.com/people/347/000032251/,finalized
1949,Claire Trevor,Key Largo,Best Supporting Actress,New York City,8-Mar-10,White,Na,Straight,http://www.nndb.com/people/085/000063893/,finalized
1986,William Hurt,Kiss of the Spider Woman,Best Actor,"Washington, Dc",20-Mar-50,White,Lutheran,Straight,http://www.nndb.com/people/683/000023614/,finalized
1941,Ginger Rogers,Kitty Foyle,Best Actress,"Independence, Mo",16-Jul-11,White,Christian Science,Straight,http://www.nndb.com/people/635/000043506/,finalized
1972,Jane Fonda,Klute,Best Actress,New York City,21-Dec-37,White,Born-Again Christian,Straight,http://www.nndb.com/people/637/000022571/,finalized
1980,Dustin Hoffman,Kramer vs. Kramer,Best Actor,"Los Angeles, Ca",8-Aug-37,White,Jewish,Straight,http://www.nndb.com/people/882/000022816/,finalized
1998,Kim Basinger,L.A. Confidential,Best Supporting Actress,"Athens, Ga",8-Dec-53,White,Na,Straight,http://www.nndb.com/people/310/000025235/,finalized
1963,David Lean,Lawrence of Arabia,Best Director,"Croydon, Surrey, England",25-Mar-08,White,Na,Straight,http://www.nndb.com/people/462/000032366/,finalized
1996,Nicolas Cage,Leaving Las Vegas,Best Actor,"Long Beach, Ca",7-Jan-64,White,Roman Catholic,Straight,http://www.nndb.com/people/751/000022685/,finalized
2013,Anne Hathaway,Les Miserarables,Best Supporting Actress,"Brooklyn, Ny",12-Nov-82,White,Christian,Straight,http://www.nndb.com/people/220/000032124/,finalized
1999,Roberto Benigni,Life is Beautiful,Best Actor,"Misericordia, Arezzo, Tuscany, Italy",27-Oct-52,White,Na,Straight,http://www.nndb.com/people/259/000025184/,finalized
2013,Ang Lee,Life of Pi,Best Director,"Pingtung, Taiwan",23-Oct-54,Asian,Na,Straight,http://www.nndb.com/people/394/000025319/,finalized
1964,Sidney Poitier,Lilies of the Field,Best Actor,"Miami, Fl",20-Feb-27,Black,Deist,Straight,http://www.nndb.com/people/200/000023131/,finalized
2013,Daniel Day-Lewis,Lincoln,Best Actor,"London, England",29-Apr-57,White,Na,Straight,http://www.nndb.com/people/788/000022722/,finalized
2007,Alan Arkin,Little Miss Sunshine,Best Supporting Actor,"Brooklyn, Ny",26-Mar-34,White,Jewish,Straight,http://www.nndb.com/people/777/000022711/,finalized
1957,Anthony Quinn,Lust for Life,Best Supporting Actor,"Chihuahua, Mexico",21-Apr-15,Hispanic,Na,Straight,http://www.nndb.com/people/228/000032132/,finalized
1956,Ernest Borgnine,Marty,Best Actor,"Hamden, Ct",24-Jan-17,White,Na,Straight,http://www.nndb.com/people/730/000022664/,finalized
1965,Julie Andrews,Mary Poppins,Best Actress,"Walton-on-Thames, Surrey, England",1-Oct-35,White,Na,Straight,http://www.nndb.com/people/874/000023805/,finalized
1981,Mary Steenburgen,Melvin and Howard,Best Supporting Actress,"Newport, Ar",8-Feb-53,White,Na,Straight,http://www.nndb.com/people/271/000025196/,finalized
2007,Tilda Swinton,Michael Clayton,Best Supporting Actress,"London, England",5-Nov-60,White,Na,Straight,http://www.nndb.com/people/178/000108851/,finalized
1969,John Schlesinger,Midnight Cowboy,Best Director,"London, England",16-Feb-26,White,Na,Gay,http://www.nndb.com/people/771/000032675/,finalized
1996,Mira Sorvino,Mighty Aphrodite,Best Supporting Actress,"Tenafly, Nj",28-Sep-67,White,Atheist,Straight,http://www.nndb.com/people/890/000025815/,finalized
1946,Joan Crawford,Mildred Pierce,Best Actress,"San Antonio, Tx",23-Mar-05,White,Christian Science,Bisexual,http://www.nndb.com/people/837/000031744/,finalized
2009,Sean Penn,Milk,Best Actor,"Burbank, Ca",17-Aug-60,White,Roman Catholic,Straight,http://www.nndb.com/people/331/000025256/,finalized
2005,Hilary Swank,Million Dollar Baby,Best Actress,"Lincoln, Ne",30-Jul-74,White,Na,Straight,http://www.nndb.com/people/333/000026255/,finalized
1931,Marie Dressler,Min and Bill,Best Actress,"Cobourg, Ontario, Canada",2-Nov-1868,White,Na,Straight,http://www.nndb.com/people/814/000063625/,finalized
1948,Edmund Gwenn,Miracle on 34th Street,Best Supporting Actor,"Vale of Glamorgan, Wales",26-Sep-1875,White,Na,Na,http://www.nndb.com/people/123/000063931/,finalized
1991,Kathy Bates,Misery,Best Actress,"Memphis, Tn",28-Jun-48,White,Na,Straight,http://www.nndb.com/people/907/000024835/,finalized
1956,Jack Lemmon,Mister Roberts,Best Supporting Actor,"Newton, Ma",8-Feb-25,White,Roman Catholic,Straight,http://www.nndb.com/people/714/000026636/,finalized
2004,Charlize Theron,Monster,Best Actress,"Benoni, South Africa",7-Aug-75,White,Na,Straight,http://www.nndb.com/people/146/000026068/,finalized
2002,Halle Berry,Monster's Ball,Best Actress,"Cleveland, Oh",14-Aug-66,Multiracial,Na,Straight,http://www.nndb.com/people/487/000023418/,finalized
1988,Cher,Moonstruck,Best Actress,"El Centro, Ca",20-May-46,White,Na,Bisexual,http://www.nndb.com/people/688/000022622/,finalized
1934,Katharine Hepburn,Morning Glory,Best Actress,"Hartford, Ct",12-May-07,White,Atheist,Bisexual,http://www.nndb.com/people/775/000023706/,finalized
1937,Frank Capra,Mr. Deeds Goes to Town,Best Director,"Bisacquino, Sicily, Italy",18-May-1897,White,Roman Catholic,Straight,http://www.nndb.com/people/459/000032363/,finalized
1942,Greer Garson,Mrs. Miniver,Best Actress,"London, England",29-Sep-04,White,Na,Straight,http://www.nndb.com/people/293/000044161/,finalized
1975,Ingrid Bergman,Murder on the Orient Express,Best Supporting Actress,"Stockholm, Sweden",29-Aug-15,White,Na,Straight,http://www.nndb.com/people/836/000024764/,finalized
1993,Marisa Tomei,My Cousin Vinny,Best Supporting Actress,"Brooklyn, Ny",4-Dec-64,White,Na,Straight,http://www.nndb.com/people/985/000025910/,finalized
1965,Rex Harrison,My Fair Lady,Best Actor,"Huyton, Lancashire, England",5-Mar-08,White,Na,Straight,http://www.nndb.com/people/132/000043003/,finalized
1990,Daniel Day-Lewis,My Left Foot,Best Actor,"London, England",29-Apr-57,White,Na,Straight,http://www.nndb.com/people/788/000022722/,finalized
2003,Sean Penn,Mystic River,Best Actor,"Burbank, Ca",17-Aug-60,White,Roman Catholic,Straight,http://www.nndb.com/people/331/000025256/,finalized
1946,Anne Revere,National Velvet,Best Supporting Actress,New York City,25-Jun-03,White,Na,Straight,http://www.nndb.com/people/081/000063889/,finalized
1977,Peter Finch,Network,Best Actor,"South Kensington, London, England",28-Sep-16,White,Na,Straight,http://www.nndb.com/people/745/000063556/,finalized
2008,Javier Bardem,No Country for Old Men,Best Supporting Actor,"Las Palmas De Gran Canaria, Canary Islands",1-Mar-69,Hispanic,Na,Straight,http://www.nndb.com/people/733/000109406/,finalized
1945,Ethel Barrymore,None but the Lonely Heart,Best Supporting Actress,"Philadelphia, Pa",15-Aug-1879,White,Roman Catholic,Straight,http://www.nndb.com/people/743/000043614/,finalized
1980,Sally Field,Norma Rae,Best Actress,"Pasadena, Ca",6-Nov-46,White,Na,Straight,http://www.nndb.com/people/897/000022831/,finalized
1969,Carol Reed,Oliver!,Best Director,"London, England",30-Dec-06,White,Na,Straight,http://www.nndb.com/people/290/000064098/,finalized
1982,Henry Fonda,On Golden Pond,Best Actor,"Grand Island, Ne",16-May-05,White,Na,Straight,http://www.nndb.com/people/496/000026418/,finalized
1955,Marlon Brando,On the Waterfront,Best Actor,"Omaha, Ne",3-Apr-24,White,Deist,Bisexual,http://www.nndb.com/people/721/000022655/,finalized
1976,Jack Nicholson,One Flew Over the Cuckoo's Nest,Best Actor,New York City,22-Apr-37,White,Atheist,Straight,http://www.nndb.com/people/722/000022656/,finalized
1980,Robert Redford,Ordinary People,Best Director,"Santa Monica, Ca",18-Aug-1936 [1],White,Na,Straight,http://www.nndb.com/people/795/000022729/,finalized
1981,Timothy Hutton,Oridnary People,Best Supporting Actor,"Malibu, Ca",16-Aug-60,White,Na,Straight,http://www.nndb.com/people/378/000024306/,finalized
1986,Sydney Pollack,Out of Africa,Best Director,"Lafayette, In",1-Jul-34,White,Jewish,Straight,http://www.nndb.com/people/772/000023703/,finalized
1974,Tatum O'Neal,Paper Moon,Best Supporting Actress,"Los Angeles, Ca",5-Nov-63,White,Na,Straight,http://www.nndb.com/people/104/000024032/,finalized
1971,George C. Scott,Patton,Best Actor,"Wise, Va",18-Oct-27,White,Na,Straight,http://www.nndb.com/people/025/000022956/,finalized
1994,Tom Hanks,Philadelphia,Best Actor,"Concord, Ca",9-Jul-56,White,Born-Again Christian,Straight,http://www.nndb.com/people/687/000022621/,finalized
1985,Sally Field,Places in the Heart,Best Actress,"Pasadena, Ca",6-Nov-46,White,Na,Straight,http://www.nndb.com/people/897/000022831/,finalized
1990,Oliver Stone,Platoon,Best Director,New York City,15-Sep-46,White,Atheist,Straight,http://www.nndb.com/people/545/000022479/,finalized
2001,Marcia Gay Harden,Pollock,Best Supporting Actress,"La Jolla, Ca",14-Aug-59,White,Na,Straight,http://www.nndb.com/people/641/000025566/,finalized
2010,Mo'Nique,Precious,Best Supporting Actress,"Woodlawn, Md",11-Dec-67,Black,Na,Straight,http://www.nndb.com/people/836/000131443/,finalized
1986,Anjelica Huston,Prizzi's Honor,Best Supporting Actress,"Santa Monica, Ca",8-Jul-51,White,Na,Straight,http://www.nndb.com/people/128/000025053/,finalized
1981,Robert De Niro,Raging Bull,Best Actor,New York City,17-Aug-43,White,Roman Catholic,Straight,http://www.nndb.com/people/765/000023696/,finalized
1989,Barry Levinson,Rain Man,Best Director,"Baltimore, Md",6-Apr-42,White,Jewish,Straight,http://www.nndb.com/people/748/000023679/,finalized
1989,Dustin Hoffman,Rainman,Best Actor,"Los Angeles, Ca",8-Aug-37,White,Jewish,Straight,http://www.nndb.com/people/882/000022816/,finalized
2005,Jamie Foxx,Ray,Best Actor,"Terrell, Tx",13-Dec-67,Black,Baptist,Straight,http://www.nndb.com/people/113/000026035/,finalized
1982,Maureen Stapleton,Reds,Best Supporting Actress,"Troy, Ny",21-Jun-25,White,Roman Catholic,Straight,http://www.nndb.com/people/376/000032280/,finalized
1991,Jeremy Irons,Reversal of Fortune,Best Actor,"Cowes, Isle of Wight, England",19-Sep-48,White,Na,Straight,http://www.nndb.com/people/594/000023525/,finalized
1976,John G. Avildsen,Rocky,Best Director,"Oak Park, Il",21-Dec-35,White,Na,Straight,http://www.nndb.com/people/679/000032583/,finalized
1954,Audrey Hepburn,Roman Holiday,Best Actress,"Brussels, Belgium",4-May-29,White,Christian Science,Straight,http://www.nndb.com/people/933/000026855/,finalized
1960,Simone Signoret,Room at the Top,Best Actress,"Wiesbaden, Germany",25-Mar-21,White,Na,Straight,http://www.nndb.com/people/804/000063615/,finalized
1969,Ruth Gordon,Rosemary's Baby,Best Supporting Actress,"Quincy, Ma",30-Oct-1896,White,Na,Straight,http://www.nndb.com/people/818/000043689/,finalized
1971,John Mills,Ryan's Daughter,Best Supporting Actor,"Felixstowe, Suffolk, England",22-Feb-08,White,Na,Straight,http://www.nndb.com/people/701/000030611/,finalized
1974,Jack Lemmon,Save the Tiger,Best Actor,"Newton, Ma",8-Feb-25,White,Roman Catholic,Straight,http://www.nndb.com/people/714/000026636/,finalized
1999,Steven Spielberg,Saving Private Ryan,Best Director,"Cincinnati, Oh",18-Dec-46,White,Jewish,Straight,http://www.nndb.com/people/734/000022668/,finalized
1958,Red Buttons,Sayonara,Best Supporting Actor,New York City,5-Feb-19,White,Jewish,Straight,http://www.nndb.com/people/820/000022754/,finalized
1993,Al Pacino,Scent of a Woman,Best Actor,"East Harlem, New York City",25-Apr-40,White,Roman Catholic,Straight,http://www.nndb.com/people/880/000022814/,finalized
1994,Steven Spielberg,Schindler's List,Best Director,"Cincinnati, Oh",18-Dec-46,White,Jewish,Straight,http://www.nndb.com/people/734/000022668/,finalized
1959,David Niven,Separate Tables,Best Actor,"London, England",1-Mar-09,White,Na,Straight,http://www.nndb.com/people/690/000031597/,finalized
1942,Gary Cooper,Sergeant York,Best Actor,"Helena, Mt",7-May-01,White,Roman Catholic,Straight,http://www.nndb.com/people/740/000031647/,finalized
1999,Gwyneth Paltrow,Shakespeare in Love,Best Actress,"Los Angeles, Ca",27-Sep-72,White,Jewish,Straight,http://www.nndb.com/people/592/000023523/,finalized
1976,Lee Grant,Shampoo,Best Supporting Actress,New York City,31-Oct-27,White,Jewish,Straight,http://www.nndb.com/people/409/000032313/,finalized
1997,Geoffrey Rush,Shine,Best Actor,"Toowoomba, Queensland, Australia",6-Jul-51,White,Na,Straight,http://www.nndb.com/people/126/000025051/,finalized
1992,Anthony Hopkins,Silence of the Lambs,Best Actor,"Port Talbot, Wales",31-Dec-37,White,Na,Straight,http://www.nndb.com/people/005/000023933/,finalized
2013,Jennifer Lawrence,Silver Linings Playbook,Best Actress,"Louisville, Ky",15-Aug-90,White,Na,Na,http://www.nndb.com/people/597/000272778/,finalized
1932,Norman Taurog,Skippy,Best Director,"Chicago, Il",23-Feb-1899,White,Na,Straight,http://www.nndb.com/people/544/000041421/,finalized
2009,Danny Boyle,Slumdog Millionaire,Best Director,"Manchester, England",20-Oct-56,White,Roman Catholic,Straight,http://www.nndb.com/people/887/000044755/,finalized
1983,Meryl Streep,Sophie's Choice,Best Actress,"Summit, Nj",22-Jun-49,White,Na,Straight,http://www.nndb.com/people/001/000024926/,finalized
1961,Peter Ustinov,Spartacus,Best Supporting Actor,"London, England",16-Apr-21,White,Na,Straight,http://www.nndb.com/people/810/000022744/,finalized
1940,Thomas Mitchell,Stagecoach,Best Supporting Actor,"Elizabeth, Nj",11-Jul-1892,White,Na,Straight,http://www.nndb.com/people/116/000063924/,finalized
1954,William Holden,Stalag 17,Best Actor,"O'fallon, Il",17-Apr-18,White,Na,Straight,http://www.nndb.com/people/210/000022144/,finalized
1940,Joan Fontaine,Suspicion,Best Actress,"Tokyo, Japan",22-Oct-17,White,Na,Straight,http://www.nndb.com/people/487/000026409/,finalized
1963,"Ed Begley, Sr.",Sweet Bird of Youth,Best Supporting Actor,"Hartford, Ct",25-Mar-01,White,Na,Straight,http://www.nndb.com/people/915/000043786/,finalized
2006,George Clooney,Syriana,Best Supporting Actor,"Lexington, Ky",6-May-61,White,Na,Straight,http://www.nndb.com/people/763/000022697/,finalized
1984,Robert Duvall,Tender Mercies,Best Actor,"San Diego, Ca",5-Jan-31,White,Na,Straight,http://www.nndb.com/people/008/000022939/,finalized
1984,Shirley MacLaine,Terms of Endearment,Best Actress,"Richmond, Va",24-Apr-34,White,Baptist,Straight,http://www.nndb.com/people/799/000023730/,finalized
1989,Geena Davis,The Accidental Tourist,Best Supporting Actress,"Wareham, Ma",21-Jan-56,White,Congregationalist,Straight,http://www.nndb.com/people/883/000022817/,finalized
1989,Jodie Foster,The Accused,Best Actress,"Los Angeles, Ca",19-Nov-62,White,Atheist,Lesbian,http://www.nndb.com/people/756/000023687/,finalized
1952,Humphrey Bogart,The Africa Queen,Best Actor,New York City,25-Dec-1899,White,Na,Straight,http://www.nndb.com/people/837/000024765/,finalized
1961,Billy Wilder,The Apartment,Best Director,"Sucha, Galicia, Austria",22-Jun-06,White,Jewish,Straight,http://www.nndb.com/people/982/000024910/,finalized
2012,Jean Dujardin,The Artist,Best Actor,"Rueil-Malmaison, Hauts-De-Seine, France",19-Jun-72,White,Na,Straight,http://www.nndb.com/people/303/000281457/,finalized
2005,Cate Blanchett,The Aviator,Best Supporting Actress,"Melbourne, Victoria, Australia",14-May-69,White,Na,Straight,http://www.nndb.com/people/222/000026144/,finalized
1938,Leo McCarey,The Awful Truth,Best Director,"Los Angeles, Ca",3-Oct-1898,White,Na,Straight,http://www.nndb.com/people/380/000044248/,finalized
1953,Gloria Grahame,The Bad and the Beautiful,Best Supporting Actress,"Los Angeles, Ca",28-Nov-23,White,Na,Straight,http://www.nndb.com/people/088/000063896/,finalized
1955,Edmond O'Brien,The Barefoot Contessa,Best Supporting Actor,New York City,10-Sep-15,White,Roman Catholic,Straight,http://www.nndb.com/people/620/000042494/,finalized
1947,Fredric March,The Best Years of Our Lives,Best Actor,"Racine, Wi",31-Aug-1897,White,Na,Straight,http://www.nndb.com/people/255/000043126/,finalized
1959,Burl Ives,The Big Country,Best Supporting Actor,"Hunt City, Il",14-Jun-09,White,Na,Straight,http://www.nndb.com/people/679/000042553/,finalized
2010,Sandra Bullock,The Blind Side,Best Actress,"Arlington, Va",26-Jul-64,White,Na,Straight,http://www.nndb.com/people/601/000023532/,finalized
1958,Alec Guinness,The Bridge on the River Kwai,Best Actor,"London, England",2-Apr-14,White,Roman Catholic,Bisexual,http://www.nndb.com/people/751/000023682/,finalized
1932,Wallace Beery,The Champ,Best Actor,"Kansas City, Mo",1-Apr-1885,White,Na,Straight,http://www.nndb.com/people/976/000043847/,finalized
2000,Michael Caine,The Cider House Rules,Best Supporting Actor,"Bermondsey, England",14-Mar-33,White,Na,Straight,http://www.nndb.com/people/754/000022688/,finalized
1987,Paul Newman,The Color of Money,Best Actor,"Shaker Heights, Oh",26-Jan-25,White,Jewish,Straight,http://www.nndb.com/people/804/000022738/,finalized
2006,Rachel Weisz,The Constant Gardener,Best Supporting Actress,"London, England",7-Mar-71,White,Jewish,Straight,http://www.nndb.com/people/309/000032213/,finalized
1955,Grace Kelly,The Country Girl,Best Actress,"Philadelphia, Pa",12-Nov-29,White,Roman Catholic,Straight,http://www.nndb.com/people/770/000025695/,finalized
2009,Heath Ledger,The Dark Knight,Best Supporting Actor,"Perth, Australia",4-Apr-79,White,Na,Straight,http://www.nndb.com/people/204/000029117/,finalized
1979,Christopher Walken,The Deer Hunter,Best Supporting Actor,"Astoria, Ny",31-Mar-43,White,Na,Straight,http://www.nndb.com/people/618/000022552/,finalized
2007,Martin Scorsese,The Departed,Best Director,"Flushing, Ny",17-Nov-42,White,Roman Catholic,Straight,http://www.nndb.com/people/678/000022612/,finalized
1960,Shelley Winters,The Diary of Anne Frank,Best Supporting Actress,"St. Louis, Mo",18-Aug-20,White,Jewish,Straight,http://www.nndb.com/people/859/000022793/,finalized
1930,Frank Lloyd,The Divine Lady,Best Director,"Glasgow, Scotland",2-Feb-1886,White,Na,Straight,http://www.nndb.com/people/626/000042500/,finalized
1930,Norma Shearer,The Divorcee,Best Actress,"Montreal, Quebec, Canada",10-Aug-02,White,Na,Straight,http://www.nndb.com/people/813/000063624/,finalized
1997,Juliette Binoche,The English Patient,Best Supporting Actress,"Paris, France",9-Mar-64,White,Na,Straight,http://www.nndb.com/people/970/000025895/,finalized
1948,Loretta Young,The Farmer's Daughter,Best Actress,"Salt Lake City, Ut",6-Jan-13,White,Roman Catholic,Straight,http://www.nndb.com/people/089/000031993/,finalized
2011,Christian Bale,The Fighter,Best Supporting Actor,"Haverfordwest, Pembrokeshire, Wales",30-Jan-74,White,Na,Straight,http://www.nndb.com/people/877/000031784/,finalized
1992,Mercedes Ruehl,The Fisher King,Best Supporting Actress,"Queens, Ny",28-Feb-48,Hispanic,Roman Catholic,Straight,http://www.nndb.com/people/890/000024818/,finalized
1967,Walter Matthau,The Fortune Cookie,Best Supporting Actor,New York City,1-Oct-20,White,Jewish,Straight,http://www.nndb.com/people/768/000023699/,finalized
1972,Gene Hackman,The French Connection,Best Actor,"San Bernardino, Ca",30-Jan-30,White,Na,Straight,http://www.nndb.com/people/878/000022812/,finalized
1994,Tommy Lee Jones,The Fugitive,Best Supporting Actor,"San Saba, Tx",15-Sep-46,White,Na,Straight,http://www.nndb.com/people/530/000022464/,finalized
1973,Marlon Brando,The Godfather,Best Actor,"Omaha, Ne",3-Apr-24,White,Deist,Bisexual,http://www.nndb.com/people/721/000022655/,finalized
1975,Robert De Niro,The Godfather Part II,Best Supporting Actor,New York City,17-Aug-43,White,Roman Catholic,Straight,http://www.nndb.com/people/765/000023696/,finalized
1938,Luise Rainer,The Good Earth,Best Actress,"Dusseldorf, Germany",12-Jan-10,White,Jewish,Straight,http://www.nndb.com/people/796/000030706/,finalized
1978,Richard Dreyfuss,The Goodbye Girl,Best Actor,"Brooklyn, Ny",29-Oct-47,White,Jewish,Straight,http://www.nndb.com/people/814/000022748/,finalized
1968,Mike Nichols,The Graduate,Best Director,"Berlin, Germany",6-Nov-31,White,Jewish,Straight,http://www.nndb.com/people/455/000023386/,finalized
1941,Jane Darwell,The Grapes of Wrath,Best Supporting Actress,"Palmyra, Mo",15-Oct-1879,White,Na,Straight,http://www.nndb.com/people/078/000063886/,finalized
1942,Mary Astor,The Great Lie,Best Supporting Actress,"Quincy, Il",3-May-06,White,Roman Catholic,Straight,http://www.nndb.com/people/690/000042564/,finalized
1937,Luise Rainer,The Great Ziegfeld,Best Actress,"Dusseldorf, Germany",12-Jan-10,White,Jewish,Straight,http://www.nndb.com/people/796/000030706/,finalized
1950,Olivia de Havilland,The Heiress,Best Actress,"Tokyo, Japan",1-Jul-16,White,Na,Straight,http://www.nndb.com/people/741/000022675/,finalized
2012,Octavia Spencer,The Help,Best Supporting Actress,"Montgomery, Al",25-May-72,Black,Na,Na,http://www.nndb.com/people/304/000281458/,finalized
2003,Nicole Kidman,The Hours,Best Actress,"Honolulu, Hi",20-Jun-67,White,Roman Catholic,Straight,http://www.nndb.com/people/917/000022851/,finalized
2009,Kathryn Bigelow,The Hurt Locker,Best Director,"San Carlos, Ca",27-Nov-51,White,Na,Straight,http://www.nndb.com/people/837/000079600/,finalized
1936,Victor McLaglen,The Informer,Best Actor,"Tunbridge Wells, Kent, England",11-Dec-1883,White,Anglican/episcopalian,Straight,http://www.nndb.com/people/452/000047311/,finalized
2012,Meryl Streep,The Iron Lady,Best Actress,"Summit, Nj",22-Jun-49,White,Na,Straight,http://www.nndb.com/people/001/000024926/,finalized
1985,Haing S. Ngor,The Killing Fields,Best Supporting Actor,"Samrong Young, Cambodia",22-Mar-40,Asian,Buddhist,Straight,http://www.nndb.com/people/093/000063901/,finalized
1957,Yul Brynner,The King and I,Best Actor,"Vladivostok, Russia",11-Jul-20,White,Na,Straight,http://www.nndb.com/people/459/000026381/,finalized
2011,Colin Firth,The King's Speech,Best Actor,"Grayshott, Hampshire, England",10-Sep-60,White,Na,Straight,http://www.nndb.com/people/813/000043684/,finalized
1929,Emil Jannings,The Last Command,Best Actor,"Rorschach, Switzerland",23-Jul-1884,White,Na,Bisexual,http://www.nndb.com/people/738/000063549/,finalized
1988,Bernardo Bertolucci,The Last Emperor,Best Director,"Parma, Emilia-Romagna, Italy",16-Mar-41,White,Na,Straight,http://www.nndb.com/people/268/000024196/,finalized
2007,Forest Whitaker,The Last King of Scotland,Best Actor,"Longview, Tx",15-Jul-61,Black,Na,Straight,http://www.nndb.com/people/833/000025758/,finalized
1972,Ben Johnson,The Last Picture Show,Best Supporting Actor,"Shidler, Ok",13-Jun-18,White,Na,Straight,http://www.nndb.com/people/425/000064233/,finalized
1938,Joseph Schildkraut,The Life of Emile Zola,Best Supporting Actor,"Vienna, Austria",22-Mar-1896,White,Na,Straight,http://www.nndb.com/people/115/000063923/,finalized
1969,Katharine Hepburn,The Lion in Winter,Best Actress,"Hartford, Ct",12-May-07,White,Atheist,Bisexual,http://www.nndb.com/people/775/000023706/,finalized
2004,Peter Jackson,The Lord of the Rings: Return of the King,Best Director,"Wellington, New Zealand",31-Oct-61,White,Na,Straight,http://www.nndb.com/people/848/000025773/,finalized
1946,Ray Milland,The Lost Weekend,Best Actor,"Neath, Wales",3-Jan-07,White,Na,Straight,http://www.nndb.com/people/814/000042688/,finalized
1963,Anne Bancroft,The Miracle Worker,Best Actress,"Bronx, Ny",17-Sep-31,White,Roman Catholic,Straight,http://www.nndb.com/people/439/000023370/,finalized
1944,Charles Coburn,The More the Merrier,Best Supporting Actor,"Savannah, Ga",17-Jun-1877,White,Na,Straight,http://www.nndb.com/people/127/000063935/,finalized
1974,John Houseman,The Paper Chase,Best Supporting Actor,"Bucharest, Romania",22-Sep-02,White,Na,Straight,http://www.nndb.com/people/686/000042560/,finalized
2008,Marion Cotillard,The Passionate Life of Edith Piaf,Best Actress,"Paris, France",30-Sep-75,White,Na,Straight,http://www.nndb.com/people/723/000136315/,finalized
1941,Jimmy Stewart,The Philadelphia Story,Best Actor,"Indiana, Pa",20-May-08,White,Presbyterian,Straight,http://www.nndb.com/people/659/000026581/,finalized
2003,Adrien Brody,The Pianist,Best Actor,New York City,14-Apr-73,White,Jewish,Straight,http://www.nndb.com/people/112/000026034/,finalized
1994,Holly Hunter,The Piano,Best Actress,"Conyers, Ga",20-Mar-58,White,Na,Straight,http://www.nndb.com/people/566/000023497/,finalized
1970,Maggie Smith,The Prime of Miss Jean Brodie,Best Actress,"Ilford, Essex, England",28-Dec-34,White,Na,Straight,http://www.nndb.com/people/260/000030170/,finalized
1934,Charles Laughton,The Private Life of Henry VIII,Best Actor,"Victoria Hotel, Scarborough, Yorkshire, England",1-Jul-1899,White,Roman Catholic,Gay,http://www.nndb.com/people/884/000042758/,finalized
2007,Helen Mirren,The Queen,Best Actress,"Chiswick, London, England",26-Jul-45,White,Na,Straight,http://www.nndb.com/people/907/000044775/,finalized
1953,John Ford,The Quiet Man,Best Director,"Cape Elizabeth, Me",1-Feb-1894,White,Roman Catholic,Bisexual,http://www.nndb.com/people/458/000032362/,finalized
1947,Anne Baxter,The Razor's Edge,Best Supporting Actress,"Michigan City, In",7-May-23,White,Na,Straight,http://www.nndb.com/people/458/000026380/,finalized
2009,Kate Winslet,The Reader,Best Actress,"Reading, England",5-Oct-75,White,Na,Straight,http://www.nndb.com/people/582/000023513/,finalized
1956,Anna Magnani,The Rose Tattoo,Best Actress,"Rome, Italy",7-Mar-08,White,Na,Straight,http://www.nndb.com/people/806/000063617/,finalized
1992,Jodie Foster,The Silence of the Lambs,Best Actress,"Los Angeles, Ca",19-Nov-62,White,Atheist,Lesbian,http://www.nndb.com/people/756/000023687/,finalized
1932,Helen Hayes,The Sin of Madelon Claudet,Best Actress,"Washington, Dc",10-Oct-00,White,Na,Straight,http://www.nndb.com/people/908/000031815/,finalized
1944,Jennifer Jones,The Song of Bernadette,Best Actress,"Tulsa, Ok",2-Mar-19,White,Roman Catholic,Straight,http://www.nndb.com/people/809/000063620/,finalized
1966,Robert Wise,The Sound of Music,Best Director,"Winchester, In",10-Sep-14,White,Na,Straight,http://www.nndb.com/people/460/000032364/,finalized
1973,George Roy Hill,The Sting,Best Director,"Minneapolis, Mn",20-Dec-21,White,Na,Straight,http://www.nndb.com/people/783/000032687/,finalized
1937,Paul Muni,The Story of Louis Pasteur,Best Actor,"Lviv, Ukraine",22-Sep-1895,White,Jewish,Straight,http://www.nndb.com/people/741/000063552/,finalized
1969,Jack Albertson,The Subject Was Roses,Best Supporting Actor,"Malden, Ma",16-Jun-07,White,Na,Na,http://www.nndb.com/people/559/000049412/,finalized
1976,George Burns,The Sunshine Boys,Best Supporting Actor,New York City,20-Jan-1896,White,Jewish,Straight,http://www.nndb.com/people/895/000022829/,finalized
1958,Joanne Woodward,The Three Faces of Eve,Best Actress,"Thomasville, Ga",27-Feb-30,White,Na,Straight,http://www.nndb.com/people/747/000043618/,finalized
1949,Walter Huston,The Treasure of the Sierra Madre,Best Supporting Actor,"Toronto, Ontario, Canada",6-Apr-1884,White,Na,Straight,http://www.nndb.com/people/122/000063930/,finalized
1986,Geraldine Page,The Trip to Bountiful,Best Actress,"Kirksville, Mo",22-Nov-24,White,Na,Straight,http://www.nndb.com/people/780/000043651/,finalized
1988,Sean Connery,The Untouchables,Best Supporting Actor,"Edinburgh, Scotland",25-Aug-30,White,Roman Catholic,Straight,http://www.nndb.com/people/881/000022815/,finalized
1996,Kevin Spacey,The Usual Suspects,Best Supporting Actor,"South Orange, Nj",26-Jul-59,White,Na,Matter of Dispute,http://www.nndb.com/people/591/000023522/,finalized
1964,Margaret Rutherford,the V.I.P.s,Best Supporting Actress,"London, England",11-May-1892,White,Na,Straight,http://www.nndb.com/people/052/000063860/,finalized
1941,Walter Brennan,The Westerner,Best Supporting Actor,"Swampscott, Ma",25-Jul-1894,White,Na,Straight,http://www.nndb.com/people/347/000032251/,finalized
1984,Linda Hunt,The Year of Living Dangerously,Best Supporting Actress,"Morristown, Nj",2-Apr-45,White,Na,Na,http://www.nndb.com/people/671/000024599/,finalized
2008,Daniel Day-Lewis,There Will Be Blood,Best Actor,"London, England",29-Apr-57,White,Na,Straight,http://www.nndb.com/people/788/000022722/,finalized
1970,Gig Young,"They Shoot Horses, Don't They?",Best Supporting Actor,"St. Cloud, Mn",4-Nov-13,White,Na,Straight,http://www.nndb.com/people/110/000063918/,finalized
1998,James Cameron,Titanic,Best Director,"Kapuskasing, Ontario, Canada",16-Aug-54,White,Atheist,Straight,http://www.nndb.com/people/385/000025310/,finalized
1947,Olivia de Havilland,To Each His Own,Best Actress,"Tokyo, Japan",1-Jul-16,White,Na,Straight,http://www.nndb.com/people/741/000022675/,finalized
1963,Gregory Peck,To Kill a Mockingbird,Best Actor,"La Jolla, Ca",5-Apr-16,White,Roman Catholic,Straight,http://www.nndb.com/people/774/000023705/,finalized
1964,Tony Richardson,Tom Jones,Best Director,"Shipley, Yorkshire, England",5-Jun-28,White,Na,Bisexual,http://www.nndb.com/people/249/000043120/,finalized
1983,Jessica Lange,Tootsie,Best Supporting Actress,"Cloquet, Mn",20-Apr-49,White,Na,Straight,http://www.nndb.com/people/004/000022935/,finalized
1965,Peter Ustinov,Topkapi,Best Supporting Actor,"London, England",16-Apr-21,White,Na,Straight,http://www.nndb.com/people/810/000022744/,finalized
2001,Benicio Del Toro,Traffic,Best Supporting Actor,"Santurce, Puerto Rico",19-Feb-67,Hispanic,Na,Straight,http://www.nndb.com/people/087/000026009/,finalized
2002,Denzel Washington,Training Day,Best Actor,"Mount Vernon, Ny",28-Dec-54,Black,Protestant,Straight,http://www.nndb.com/people/665/000023596/,finalized
1970,John Wayne,True Grit,Best Actor,"Winterset, Ia",26-May-07,White,Roman Catholic,Straight,http://www.nndb.com/people/605/000023536/,finalized
1950,Dean Jagger,Twelve O'Clock High,Best Supporting Actor,"Lima, Oh",7-Nov-03,White,Na,Straight,http://www.nndb.com/people/121/000063929/,finalized
1927,Lewis Milestone,Two Arabian Knights,Best Director,"Chisinau, Moldova",30-Sep-1895,White,Na,Straight,http://www.nndb.com/people/320/000043191/,finalized
1962,Sophia Loren,Two Women,Best Actress,"Pozzuoli, Italy",20-Sep-34,White,Roman Catholic,Straight,http://www.nndb.com/people/811/000023742/,finalized
1993,Gene Hackman,Unforgiven,Best Supporting Actor,"San Bernardino, Ca",30-Jan-30,White,Na,Straight,http://www.nndb.com/people/878/000022812/,finalized
2009,Penelope Cruz,Vicky Cristina Barcelona,Best Supporting Actress,"Madrid, Spain",28-Apr-74,Hispanic,Buddhist,Straight,http://www.nndb.com/people/748/000025673/,finalized
1953,Anthony Quinn,Viva Zapata!,Best Supporting Actor,"Chihuahua, Mexico",21-Apr-15,Hispanic,Na,Straight,http://www.nndb.com/people/228/000032132/,finalized
2006,Reese Witherspoon,Walk the Line,Best Actress,"New Orleans, La",22-Mar-76,White,Na,Straight,http://www.nndb.com/people/813/000022747/,finalized
1988,Michael Douglas,Wall Street,Best Actor,"New Brunswick, Nj",25-Sep-44,White,Jewish,Straight,http://www.nndb.com/people/614/000024542/,finalized
1944,Paul Lukas,Watch on the Rhine,Best Actor,"Budapest, Hungary",26-May-1887,White,Na,Straight,http://www.nndb.com/people/713/000042587/,finalized
1962,George Chakiris,West Side Story,Best Supporting Actor,"Norwood, Oh",16-Sep-34,White,Na,Gay,http://www.nndb.com/people/119/000063927/,finalized
1967,Elizabeth Taylor,Who's Afraid of Virginia Woolf?,Best Actress,"London, England",27-Feb-32,White,Jewish,Straight,http://www.nndb.com/people/624/000023555/,finalized
1971,Glenda Jackson,Women in Love,Best Actress,"Birkenhead, Cheshire, England",9-May-36,White,Na,Straight,http://www.nndb.com/people/799/000063610/,finalized
1957,Dorothy Malone,Written on the Wind,Best Supporting Actress,"Chicago, Il",30-Jan-25,White,Na,Straight,http://www.nndb.com/people/090/000063898/,finalized
1943,James Cagney,Yankee Doodle Dandy,Best Actor,"Manhattan, Ny",17-Jul-1899,White,Roman Catholic,Straight,http://www.nndb.com/people/798/000024726/,finalized
1939,Frank Capra,You Can't Take It with You,Best Director,"Bisacquino, Sicily, Italy",18-May-1897,White,Roman Catholic,Straight,http://www.nndb.com/people/459/000032363/,finalized
1965,Lila Kedrova,Zorba the Greek,Best Supporting Actress,"St. Petersburg, Russia",9-Oct-18,White,Na,Straight,http://www.nndb.com/people/049/000063857/,finalized
2004,Prince Charles,Troy,Best Director,,,,,,,
1984,Lady Diana,Dune,Best Director,,,,,,,
2002,Princess Grace,Equilibrium,Best Director,,,,,,,
1991,,McBain,Best Director,,,,,,,
2002,,Hero,Best Director,,,,,,,
2000,,Versus,Best Director,,,,,,,
1998,,Blade,Best Director,,,,,,,
2002,,Blade II,Best Director,,,,,,,
1990,,Delta Force 2,Best Director,,,,,,,
1985,,Commando,Best Director,,,,,,,
1997,,The Fifth Element,Best Director,,,,,,,
1990,,Total Recall,Best Director,,,,,,,
1994,,True Lies,Best Director,,,,,,,
2005,,Sahara,Best Director,,,,,,,
1987,,Predator,Best Director,,,,,,,
1996,,Crash,Best Director,,,,,,,
2015,,Insurgent,Best Director,,,,,,,
2016,,Warcraft,Best Director,,,,,,,
2018,,Tomb Raider,Best Director,,,,,,,
2003,,Kill Bill: Vol. 1,Best Director,,,,,,,
2010,,Clash of the Titans,Best Director,,,,,,,
2012,,Battleship,Best Director,,,,,,,
2010,,The Expendables,Best Director,,,,,,,
2003,,Bad Boys II,Best Director,,,,,,,
1992,,Under Siege,Best Director,,,,,,,
2017,,Ghost in the Shell,Best Director,,,,,,,
2017,,Alien: Covenant,Best Director,,,,,,,
2016,,Batman v Superman: Dawn of Justice,Best Director,,,,,,,
